-0.4802249185670594,-0.8196437653400291,-0.31823576781979485,-0.4220098668215917,-5.434032621301876,-0.7917101408498485
0.4270105112658351,0.07060034557988604,-0.0697679523091513,-0.4138090673198957,44.904711363375796,0.07035224092738061
0.17414573756138582,0.0417476611244821,-0.7052747462284975,0.39546908223544625,7.004864567278229,-0.11928226040109886
-0.5377065058588492,0.0915076574783033,0.754984917915101,0.22701442363508226,14.632562871268581,0.25741025649169513
0.9591427478760876,0.6421127054870223,-0.08745336622837735,-0.5496013083544762,-7.61603265601434,0.27729154994282834
1.2784055832617147,1.1990705445847971,0.8652383496884339,0.9454779588524883,-18.545012144141655,1.0038477433402657
-0.5135967215775822,-0.3027353646930445,1.0426631224753462,1.2120384808920308,-15.58494740724731,0.2639269389433621
0.01944183526455221,-0.36639104357591107,-0.38791614900948274,-0.46738581458154094,-17.183594506380626,-0.19043348891787792
-0.33656772782370953,0.022878762995668926,0.2382349395015438,0.02355148768118173,-6.165976504621472,0.07667626816327122
0.23996263345690672,0.29539382337056375,-0.041884810894701946,-0.31732682611518226,72.76657022402664,-0.006559952352136112
-0.00603156349633092,-0.2607038479605081,-1.1953518579738929,0.24789820734295204,-6.521672129453483,-0.2976357859064382
0.4911123449993723,0.3663813513833415,1.0163322169390376,-0.09300672445285718,28.897732665616736,0.2939827470159337
-2.718792788812235,0.43481234744451575,-1.9817969224330891,0.5719583022556843,17.42575251915148,-0.23341599547732542
1.8200596368725734,-1.138318584599657,-0.2581767793831693,-2.8264711408642293,-41.382532616070044,-0.6620764912165452
0.22681762050031615,0.11598975868081535,1.9028797033888663,1.98461571265642,-13.592207667964344,0.3331806745043039
-0.8499853551882224,-0.206564067740908,-0.5021328362545303,0.209700790710688,82.59075959551521,-0.213036478712448
4.340176860704556,4.337246356243494,-0.3899214899133853,-1.0568344821691122,2.210210084698344,2.390254865542202
2.5137666670462586,1.8793511757099577,4.69934232128203,4.401152240297345,18.04434277720936,2.835983745475394
-0.084336943901779,2.7257839295919335,2.33630241032419,2.651240289353032,-4.419474668140973,1.6604011994709285
-3.247364562859724,-2.1658122218844804,-3.4622350688561516,-0.18438176315173213,-23.557628779659602,-2.265711197349532
-0.6571397800890825,-3.9685231118247204,-1.2571611117168857,-3.0706138318061096,-33.80453953947457,-2.6870112063892413
0.2365054015577879,0.18801007980324544,1.1717572249440427,-0.7485011769675034,-28.007360774506573,0.9237850826214832
-0.009938559608111321,-0.2145504223844955,0.14878708694286397,0.13119681858226,31.411437509411382,0.013442352193746763
0.5751632011879435,0.3253503378819482,-0.140062034312859,0.052857083970930765,33.983603846678335,0.1697264980028654
-2.2733737909863527,0.1048651800147941,-1.6993069251348407,0.767691986146107,-9.1782974242791,-1.4882156793972985
1.5133123178108445,-1.121528255727201,-0.267325035784001,-2.4155198408797474,7.34997604020892,-0.28933297317250584
-0.7146497595984096,0.03117073799748386,1.067892746810584,1.4866845077768107,-0.9385230219293281,0.6795330183133635
0.8511005324620147,1.6972209712965092,-0.24245645776296365,-0.7551334992595959,-0.008285140612410726,1.0222396906840083
-1.3514733433176611,-1.4251796937730776,-0.019890721866692006,1.0072874611456681,-22.105961258269996,-0.9051569562983034
1.2521119036377613,-0.12432702285620073,-0.02798785015751109,-1.3218886088614545,9.542616939887246,-0.25513529893260256
-0.7005107630477836,-0.1978457081783047,-0.07903406101805174,1.092675665884312,17.856765325364723,-0.054402205024449285
1.136823397981867,0.7339099065286037,0.1209952030655845,-0.7738407044089355,15.794719594942688,0.5533192825047681
-4.2333151431833285,-0.008295641440033679,-2.632357969765533,1.3708586020979974,15.349941461798622,-0.9104703450425607
-1.3708831895299722,-4.0081616675744,-1.9922195493057189,-4.377556994097854,17.954356331197825,-2.8841408327633977
1.3064714822852284,-0.24940765852304406,-0.416710669630833,-1.3615632278637917,-14.865789533543689,-1.2245536463927742
0.19506820277026482,0.6776679387680024,2.3367387915723783,1.3567474453074406,-21.16042319259897,2.0280464259553606
0.34437958738093466,0.5448852498121115,-0.02071664613380023,0.17544585949701752,11.798821919088764,0.11507026387746797
0.5779799691153972,-0.44653278053143836,-0.2665195007100437,0.30809889983998856,2.365753516470793,-0.43410995418401677
0.0927403900829378,1.023321412094721,0.6262173058012286,0.5197461450495277,26.582589879535455,0.6688319221265462
-2.42475095684728,-0.7576744720258145,-1.8642021278270886,0.10542344422699576,5.6037228091520275,-0.7923351685534991
-2.7163659715172264,-2.3509713761483573,-3.098865148382503,-2.6498087670075727,8.163375986723603,-3.1787903926616132
3.204963943751314,0.16041538918902615,-0.43264529802538215,-2.4419581979864,-14.355131241168781,0.5789965984299086
2.5644931387536443,2.8211006425421807,4.164851133619933,3.2412985771919347,-43.33615170427725,3.423003469445076
0.0008438641963059842,0.36297209428131727,1.9510394451572333,2.6049919019077867,17.19498185858012,0.3286798992961068
-0.07003219099800521,0.8736274674910239,-0.024938489867610044,-0.028097953984713504,41.85108921144111,0.5626129463725075
-0.13495336226652574,-1.3285032513437462,-0.6814994474466759,-0.12119014711860829,9.235805517847778,-0.7782954361241807
1.366738313395265,1.5517396725499666,-0.2057484546958254,-0.10413954211287739,11.927506215174885,0.5467490343259146
-1.680344913316395,0.5795184965939895,0.8579748284301071,1.327967650372652,19.118871605045474,0.5609447976547667
-1.702961877095015,0.3820696539084885,-4.329964603464974,-1.564310064316118,-6.269602424796425,-2.1902692579551015
2.8756983315172517,-1.2733214182636645,2.742819435393004,-1.6874871328337162,-38.11061964247897,1.13560956781261
1.469136412809323,0.795326468135844,2.25457617364052,2.7657294763090556,70.54170472496286,1.2076625704985051
3.1957079139158675,3.5563683420487693,-1.1159985959620133,1.797408687268912,59.40047605342027,1.5685297383631402
-9.635313199672717,2.8516351529423662,-3.5674622537179705,2.8426720876486513,41.806641743172904,-0.8348311448327755
16.6544579796959,2.1311121834507545,-1.3508640517610435,-10.238941401558792,6.900535024422788,3.2387791030028668
11.030305928158652,11.261585295314534,12.704399465210598,17.34827474534213,-29.49171381646092,11.615419588263947
1.5901431545239617,1.864913947458246,15.906668784139052,11.13540028965935,-35.172777777435414,6.195734323110031
1.8364768895225136,1.4642384599024973,2.2779284647622604,1.5603727899536544,-27.143396100554103,2.149385553169536
-0.7356082748076038,0.5156264338056701,0.8736476311573163,1.7622065230750508,71.31831984373096,0.5486220098603786
-4.44701353424207,-1.155649496623012,-4.2893541698181314,-0.5897450749568409,-8.295087049110512,-2.961259968867993
-0.2708928001066106,-3.941335038305296,-0.6318291856506965,-4.478530913715425,3.613776339465268,-2.1547698031014093
1.6447922123427459,1.7423604942616682,0.05262826780310908,-0.2824215432077476,-22.57336974787531,0.7675408436765927
0.06701983878676188,-0.39353836342700665,1.4957453316855873,1.6377512618829249,8.655571322340654,0.4599929164559776
0.6104210840999564,0.7575629877575424,-0.41229194697592003,0.1118339324509601,-15.385578224821609,0.017795656500350397
0.9165142208275061,0.49607440400912006,1.1346872908872088,0.5720105305016002,1.8889188580988439,1.0253063367058952
-1.0304269089535925,0.4469654703892309,0.2123688720137463,0.9225234761212207,20.725817717287974,0.2845318981364735
-1.471073186234149,-1.2836191973756115,-2.3823259135641264,-0.9789091843868682,11.078522539238447,-1.8842832577611193
2.33784030019471,0.6115657498748571,0.8753480884533429,-1.57353499885029,12.875590246472978,1.1556816312871967
-3.298480869952816,0.3946706982638884,-0.9077691348966497,2.3173175543974875,13.936981372585358,-0.4151610403209571
-3.742727061648067,-2.6481874758208868,-4.053488311248329,-3.09890945586701,-44.08637621293992,-4.597602004811297
1.21210098001559,-3.9732947134710486,-0.31919126156467775,-3.8560323195245223,-7.776162915543907,-1.2211303272172818
-1.8437293609113985,0.46545648194984857,-0.41162911522751616,1.1033196598422537,-49.04459213466909,-0.4628856808238436
-0.21485489596826954,-2.140080733968469,0.040336725099020164,-1.7692812965687352,74.38860667008413,-0.4655058722489587
-0.6251630264250585,-0.09022229758371388,-1.9694051739888752,-0.1902028135616214,10.874725860237072,-0.5756690471825298
0.4247739446956094,0.5033664726461634,1.0650853579921749,-0.6438254429176454,-11.054914844746065,0.30028523702814075
1.074833646506985,0.04697278365177216,0.9097024115989875,0.43091213443409915,21.06709822627329,0.4859499670862562
1.1218227648945447,1.8016984337393807,0.007905213564985062,1.1821209289885508,2.7314723345571066,1.3554793213434433
-1.4816788220082553,-0.17636384742820882,0.24951862377207432,1.0699253488813658,-22.313163551454636,-0.39803413895589546
-0.9884961243826311,-1.2883480593150036,-0.5133811179062743,-1.5261752177171843,-35.51107856741855,-1.1975992387258403
0.6094086342150489,-0.9177566463418672,-0.2086965289425967,-1.0630320811731722,76.39633244730258,-0.12372808599215004
1.0343322785377669,3.4951993475689904,0.371709801279359,0.7144766402076437,70.61684485245443,1.9617487566412122
-1.1641584731114374,-2.1951798459196032,-4.222227234065058,0.9882842376841474,-29.914102230453253,-2.491832343408529
-0.4927155500706539,-1.2777133777566108,4.009906383206905,-1.1491435983998604,-13.690061531626045,0.46486255759148715
0.3799603883720686,0.2617844052542733,-0.7051780621150994,-0.5868873649627037,2.9986043079794493,-0.25355015186905305
1.6198510990414992,1.3489301829829456,1.1162405694001798,0.4716716574253394,-25.97764222727396,1.3505788537189687
-0.14310133865267513,0.11964551339035909,1.2004163847521638,1.5727995592240442,-25.49498734920737,0.5911826024033822
0.6082621897308147,0.3500115754871966,-0.283364770407164,-0.18174516861463208,45.226304184600906,0.24124082130564814
2.168228086850204,2.2151367428276827,0.5306812019476708,0.6804684178542089,29.124209801741696,1.4265993548166351
1.0035204687372081,1.845914050713932,2.6075970174605256,2.1255979793379924,19.868877226308825,1.927808419511002
0.9073901616461442,-0.33839503201302956,-0.6214232703014214,1.1047711325173624,-5.176765493655757,-0.13087307957655295
-3.5326254996773305,0.1489038468998861,-1.2591846678805576,0.8484568349477308,-1.6731204287068127,-0.9362507446235598
-2.873375573893253,-3.470316057443145,-2.4548878129025185,-3.5857813423838514,-16.22619326576292,-3.1107169424505874
1.3299409333187369,-1.4110012146264448,-0.4807210363041825,-2.93231332208197,-32.46334537926984,-0.4383518544826554
0.584953612252002,0.419670760088378,1.4855708540253194,1.4174786308669638,78.10405114525568,0.5093762789528288
0.8810535706460395,3.3903003163025374,0.15461830350790703,0.7481717180306954,21.46998092847234,1.030724397330905
-0.9087817629735304,-2.659311617416093,-1.8210403060479028,0.7389852173422461,12.123846708923065,-0.6730040807009275
-1.5823016421036784,0.69840181259082,-1.9682387829853043,-0.9893602026768998,16.59051347243225,-1.4007091997576924
0.601138296172289,3.113164771827375,1.7036496384189395,-1.551633459438441,-9.84071438393934,3.2035055650361266
-2.195390929830313,-5.252341325993191,-0.7626368375694142,0.7344761527051639,-31.315742773128953,-3.6722636124369505
0.6424561468691657,-0.735997777090855,-0.09511812970054716,-2.2075338601976853,-33.621086984604254,-0.18315269801848902
1.9382293804068635,0.830902282839669,0.7952024690190332,0.6255032894358243,57.902473609035745,0.5021473081169268
0.5933377724834848,0.8918587012821375,-1.394218020654974,1.6598337169415918,10.21633795136331,-0.09023699821137418
-4.763323660800232,0.1398682975740344,-1.044361000324225,0.9516968056910328,27.251530301765715,-0.4375805981283027
2.129185571476123,0.9076127894013093,-0.9467224202007513,-4.772792558058941,-25.980828119571203,0.14859282316068587
3.5138699904518798,-0.23654235575818117,3.286537182386262,2.0072619644256733,5.726811845721472,0.9174342465241153
-0.5965671231038062,-0.006191536799425159,-2.1663584738732005,3.7271722902366466,1.9384610401634423,-0.9279251143772557
3.611061494522262,2.5415343926042904,5.342858639201852,-0.9350088569006263,-40.149007702322535,4.503850873246427
-1.5810523810101507,0.25596630913408724,2.033716800446878,3.7643700673266856,21.896049727708604,0.43013537044615846
-0.5135316306103015,-1.4514238807814301,-2.0655776662833905,-1.8255760673242571,15.705530962942706,-1.2158664780908792
2.638188219863133,2.052980684251092,1.5112751714473158,-0.47519038002808034,13.182113093510361,1.4214150915438337
-0.22791317928868526,0.972890689630639,0.48477382702702676,2.997253059651722,11.686766695338903,1.1660997023689483
11.024529086093104,10.800928467343123,1.4388865791440693,-0.3917068750961001,-3.938338874277778,6.491864329988892
-2.5954278451431825,-1.0579354456438133,7.775145519013678,10.983061014478064,-14.723804926471951,2.733495166201557
-0.7801276752556235,-2.888123675294334,-0.9624654694938879,-2.673252892386479,-25.804289470226728,-2.3591896509368735
-1.3197125956817621,-0.1937125531979013,-1.00512134404231,-0.5862855486826685,21.578727329457426,-1.0260595481454593
-9.540284670708202,-1.705194362341144,-8.70991759394751,-1.3436760496192837,-3.5510069878869235,-3.084736874588451
-0.21370937535548062,-9.197186127921633,-1.2514070987064045,-9.602989839007718,-17.56464263793366,-7.0919560631982765
-2.579563487441465,0.09213309251175583,-2.634512841338007,-0.2231903198616419,13.574100369575422,-1.8407040192773367
5.326865796945664,3.639793835377846,0.8938361127772776,-2.4032955820194593,-13.573595047257491,3.7053638896569665
1.0804887875299323,-0.5648859335142267,4.88262692013484,5.294661344718849,-27.570620372510056,0.953121712747298
-0.8479481551450561,-0.20436916618894152,-0.19946068964319646,0.8441605877186283,-14.448139063177887,0.049039087752355104
0.6392319086081296,0.23476234808656474,0.29189588591608356,-0.7034308398207738,53.77254360072856,0.19205527165445146
0.8310571840670242,1.811129221440523,0.5554033158560134,0.4676175101677938,15.84452271953374,1.249986613284677
-0.34763521726582675,-1.0956569671689496,-0.8482401044385336,1.0941728270754565,11.526370300790386,-0.5943719708226748
-1.2926274021149515,1.2484679091277038,0.8899361425567162,-0.4896421888575829,14.89589952023864,1.1597220901369953
2.530027582328854,0.5871323990867215,-1.0037092929978286,-1.391143492367488,-14.192620780207207,-0.32089485320124483
-3.722466765841654,-0.9597766787901715,-0.285777703804189,2.5941126154189287,-15.420594523065182,-0.8270053843544579
2.5238397259978123,-1.1165814260663516,0.3436839358584756,-3.323999595130321,-16.85802311734492,0.08852153460294232
1.1086441105786653,0.9843875696096337,1.3456541001109854,2.263688460808551,43.61330904807696,0.6194916392949816
6.459563906574573,7.285436462158285,1.2692365033273283,0.8226417043349914,-8.726448498274303,5.198182664506506
-0.906490052248947,-0.18172932731831168,6.003228066509176,6.805515393125841,-7.532361071752233,2.047515485856941
0.6798584355074977,0.2442344883647691,-0.7440907757911982,-0.9873429204617944,0.31640298550480284,-0.5962612579710008
-0.4655896990001017,-0.886706874398841,-1.0640947352351584,0.6456419535009392,11.664403419440514,-0.37081448956606444
0.46034346067269905,-0.5611166447955179,-0.0740222551533412,-0.4531289674927873,-13.892627965876214,-0.5937254629819981
-1.7353417209625588,0.742418741286339,0.7391858363020238,0.4532097696893537,-13.170878390683358,0.4784725798740469
-1.4260156784607072,-1.5425435216443528,-1.2148403839105804,-1.6373984572928941,44.859160941851634,-0.9365151852091741
11.304086266248651,8.695053843190966,0.052263234086315384,-1.5247271330769787,-7.106293213151847,3.1672066926414657
0.6309087108083642,1.653750457020398,11.034809895945912,11.350185811291132,-10.253800628748575,7.198152235052533
2.230091058956825,3.5671898084237257,0.31373817812443167,0.4549388261387722,9.05764886383854,1.2116179521871546
0.9626414529258084,-0.7370797520604736,2.1302012422825056,2.4793792266866186,6.36904212938713,1.1226395446573263
0.8817777151176962,3.7108672566920853,0.4098809240209787,1.0751878197356268,0.22566650154587928,1.21317144316049
0.5854286320059945,-0.6391712660064045,1.5665648160602903,0.7305228384477223,-24.011682846442714,0.9915771637342913
-0.17964016265396313,-0.38234405374181185,0.6475790832685513,0.4315709628168686,22.337946488786418,0.09059270109054879
-1.9054126143523273,-1.8580793994871818,-2.8333631025929202,-0.13114139169611136,35.37921731547855,-2.2392594237558936
0.09377804685214064,1.7219026548540566,0.9644911902421326,-1.914089960386019,15.654183645511779,1.6131646036445408
-3.387098902077792,-2.7715388826030205,-4.7683570038031,0.046916753750078415,-12.757403987545729,-3.953765437257082
2.9040979647711644,-1.0633420104109332,0.7566593198765411,-3.2644057156010096,-5.764426369887153,0.1384939272051548
-2.7038644327214234,1.3855939439580598,1.166065341935981,2.7387371881477183,-13.812012678035538,1.5017819605505287
-1.000667780401408,-3.5206021925822886,-1.3341866053617315,-2.615280794076156,-39.09637649567232,-3.009202061313948
1.5445265989306696,-0.18812296381545668,0.3235354770669749,-1.0027409327302907,25.36797958186047,0.47649468214742247
-2.9738349346339374,0.4847930335788145,-1.46100658582079,1.2530514115782736,177.49453144330906,-0.5068849710030097
0.9472361077270968,-1.0224632691657112,-0.677919260989605,-2.5414409996030436,-50.87820904742657,-0.9648915870328352
0.7426912320351778,1.582783061412298,1.2134117056056488,0.7810061158696807,-2.9667783602928712,1.4149212370963007
1.283924920057611,-0.6125019825117253,-0.17324307776068232,0.6642061778051401,4.417695321212446,-0.8977626945704176
0.1272434535866198,0.22291373945676385,0.8007435941915938,1.514413602330632,-1.699356107642459,1.0964703701045457
1.3902150679500784,2.945854167724794,1.7215221888823957,0.012168901023024759,11.347455217051907,2.173627531740905
0.6511990586609576,1.7470097998668155,1.257101492611004,1.406054704026833,11.203347836687097,1.2697843075406692
0.2625411410833073,-1.1822244401224973,-0.41703216393669545,0.44001816943535116,5.3278321493072855,-0.6195460527161623
-3.7607343540196,-0.6550837537733439,-3.1493137077142763,0.4242351675086554,15.432526404292341,-2.3953097139299886
-7.2985225878738165,-4.956011851510639,-7.336162468408662,-3.7903824790916683,-21.900563797210452,-7.117092975999345
0.1765146324742429,-7.086814667790596,-1.4752769356043853,-7.568304343645157,8.323100366506777,-2.8760827509924125
5.9423035069915,6.11605127111592,2.9099215920554613,0.6307061448210862,-21.813599675667124,4.3770476564733025
-0.5529576355848058,1.6331747558449117,4.476833082282137,5.905762963617414,1.4910645240150373,3.159137996493518
0.9988198576276266,-0.08319479864619402,-1.3238050885694428,-0.572851839599693,3.7061586976702627,-0.5974492797876281
2.0719891887629247,3.0817979203130017,2.537728136905734,1.0225004177251653,29.86421085895189,2.7862231952885246
0.28410478887589913,-1.165211590090217,-0.8418440883533206,2.1100423173606124,6.068853360916781,-0.8855519449132256
0.8217135294022224,3.5653909414697,2.6718900742192817,0.2781986910101079,2.484285757630337,2.743401587368226
-3.813925924956173,-2.2358837125003563,-5.860070573427411,0.700253309006622,11.14619399021682,-4.418889160432219
-7.681801922624035,-4.249943367404456,-3.8551973797341024,-4.132499912908629,-27.23605961954007,-3.1001862617583633
2.022737818738002,-4.772625686266801,-0.08646865067386468,-7.444882367141853,-16.907941175971903,-2.7708487156604544
-1.8007191260938447,-0.4568204840145162,-1.2265228153440808,2.035260381207781,6.672862667015406,-1.6580950972201025
-1.14563822557958,-1.606908541973119,-0.5255136878340347,-1.7025309816688379,4.49522254080539,-0.3972208947017145
-1.6807049682458077,-1.952527393799484,-3.661972404161111,-1.170236321419362,-4.408745564383696,-2.909225869567239
-4.502306493417844,-2.5320753654780823,-3.3497380048008454,-1.9447835034244436,-17.25623857076042,-2.8090218559066913
3.266069519606373,-0.8882541402597495,1.6433037388979121,-4.328951414927746,-12.994690677890386,0.760437566037387
4.448161827752081,4.020703335613441,3.1958850926997857,3.5158941419638055,1.4825328107857594,3.594766710288086
3.5287070919808783,3.550009389229998,3.8662461309779648,4.328473989996005,12.110344219916579,3.2196482704906817
0.04361348937512606,1.6749107515050383,3.4931099060884248,3.524297824119451,52.157918030264824,2.2788364637971017
0.2766452830550085,1.7391756929043916,-0.8087987054758781,0.9648633770237869,-15.924006350201992,0.6500763954665044
-5.040894076002454,-2.380932857855477,-4.570421336581227,-0.7060029202561653,-37.402504383396426,-4.494680259103691
-1.7147561757162553,-5.436986295444547,-2.1890390166597427,-5.033593694159214,18.707749720165346,-2.871164512618422
0.047945297360373056,0.349284425345883,-2.4256147604209692,-1.8074794038740662,-8.180023360449376,-0.9132736132995214
-4.462028382151455,-1.8928320194255013,-1.4610798875078939,0.34520559679764323,-30.97960599427908,-2.4215865082060954
-0.3525862517976733,-3.5921014051569435,-0.5166022654984596,-4.668179568348892,-11.763512809801993,-1.7875765667336674
0.08852883699505099,-0.7223989647814636,0.3314119998015486,-0.32918572261993384,36.14006657920225,0.33849138580767546
3.4071280405058517,6.163964882054316,0.20661602976622487,0.4655127347309651,59.88442355067165,1.597981725981409
0.9793049447991555,-2.3137450353396822,-1.9517403598437906,2.485722604092559,-26.470673886565077,-1.0028331909890629
0.8001511408418556,1.2081233784485315,6.440677175540986,1.4350168029867754,-2.501921392064596,4.119439117864777
2.151514213260964,3.895402073063233,1.5874896411936603,0.9568163366021383,-6.367687760505723,2.758315492815109
1.5531185116082626,1.47621815954397,2.0959202866588593,2.165883980658441,-6.566313380119198,1.6575817135218947
2.2231043227817886,1.583524773716989,1.7130269209404494,1.4288001600387095,-9.730098993326449,1.4922602582319489
-1.3163647960751181,-1.4119171094321683,-0.2864830909921301,2.2385748019256635,25.454281981576376,-0.47730819936369695
-0.5836639605556314,-0.3114762557847574,-0.8433016629461529,-1.025297697264827,10.519262811018432,-0.7922614067969442
-5.3178140857862815,-1.4037494598375972,-3.799183119738312,-0.9603760365432713,0.6734928001068086,-2.6854522680623676
3.7370145164257935,-1.418908332097239,-0.6510179313029842,-5.215214260351621,4.439617757016199,-1.0529179366816375
-0.6979276915149905,3.773850345977059,2.801082334598731,3.8240275581799246,7.117045031186392,3.3167091835266724
0.011849292607250098,-3.383784497593344,-3.4106402928989117,-0.32373418032298057,12.894425283087669,-3.2356839109969204
-7.626621000408258,-0.9958230877735109,-8.542095663544417,-0.5703068463228327,30.313256444310188,-5.016893833382126
7.634985898433418,0.17107338388562654,-1.8020116963799737,-7.528129043393609,-25.72655221634388,0.25468300635667374
-0.27318741297035737,2.65379822700421,14.519312798617396,7.684919961949112,10.603824376401013,6.998352852250628
10.649167232167562,7.754949984429496,-0.07537210081151392,-0.41296029998120853,35.90654588226771,3.5965086192023
-1.7905736969396298,-1.2640838797728051,-0.5419599268726596,10.336214596144321,-1.9491529962236904,-0.34826182802241457
1.2716245222428273,1.4522113968450112,3.6088558841838654,-1.2497480867547421,36.44799629976262,3.837383170837002
18.4482379629114,16.888193173350956,5.758839678917116,1.3489011353917442,-14.84338023773615,9.22527400113194
6.826707398493065,6.164869625403135,20.994760894944456,18.639706025627355,-42.70263315273954,14.006678587391258
2.391785804891727,3.1774408693083185,5.490123636006687,6.348109805382451,-11.633199167751057,4.440779781862812
3.3783987193008005,3.0126549539777314,2.5900057901834304,2.40337201955972,-2.249060511794123,2.7164119110968934
0.44789597646639245,1.0804800202590854,3.742444440244467,3.538807424277149,-6.417191626903024,1.9992275194326532
3.0032558751194203,2.051886630201011,-0.2335855693288904,0.30832470986311544,54.96357520303165,0.7130378501326976
0.8351965297623579,0.8865915570824776,-2.159346306871926,3.2727541505559907,-9.854505680487849,-1.4960197820911307
-4.619725133260674,0.581736060065474,2.2524255812192915,0.5589491604593597,-27.6400558104836,4.108239045105593
-0.2777537080313472,-4.939585810237802,-1.1150669513503761,-4.648811104908505,-43.00578637114733,-4.597314302771376
-0.4742474705420504,-0.7767112588483567,-0.39341490114502364,-0.23115005890107224,42.29348152093297,-0.3892641084599325
2.5455399029853987,2.408648583792661,-0.41225294578916766,-0.4105792919045446,34.44471054583589,0.9656153099521683
-2.1888735801506702,-0.11275932910636612,0.9346523676167592,2.435957230010611,34.317856084404106,0.18629159118595515
6.661563696206921,4.348773833041889,-0.4631054641126877,-2.1419597104917165,-11.175511458866676,3.4137083412236153
-0.14410747359316495,1.1048772261220066,5.938757844555704,6.926664470474366,9.559767497932006,2.0445352493973874
-7.140954688944409,-1.2872687047097602,-6.1545236745742615,-0.41693270241613156,-27.42034223591579,-3.475451624909074
-1.4821796138711236,-7.3777655798546835,-1.5821285636972715,-7.169934693787095,-42.93934170882689,-4.804590464976478
-1.4663352001235954,-1.305309920929738,-1.0826447400716577,-1.3538937941527962,79.19362083206084,-0.868523451023951
2.060081534432124,0.7298258240056278,-0.8832960678610857,-1.5167999517792203,52.94220939613561,0.025847175337019572
1.2318352753956092,1.741124689279613,-0.5217210165504207,2.611803110973923,-15.33185849982537,1.9193998910274597
0.3385381371754739,1.113574943856843,4.4028297874242,0.6946825568113968,-12.497760773749068,1.0416433027292835
-1.8825628279400037,-1.347481797063525,-2.1528547743442994,0.3944123532035761,3.588906494826323,-1.5131374281868863
4.122848298254693,2.7704879362850376,0.4766083299572285,-1.8872718522588594,-19.74965904111958,2.673412329841235
-2.8085148165937426,-0.6304640648093095,1.245448742087222,4.300190976893362,-29.127137685974468,-0.9999028003533993
-0.8143117679009868,-2.7387096745021275,-0.8695701771962223,-3.016714046478485,39.819976788415865,-1.5232436788960355
3.815818798801291,3.7328777125278503,-0.7965654838704074,-0.7332860983040718,31.60143275351811,1.5927446037423982
-5.353264443928797,-0.6586875411516346,-0.22563907450026108,3.9074272518957622,21.643147968552082,-0.8744351227798952
6.096374529566298,0.41607002677877725,0.06099743990006807,-5.320516006829687,-14.198081995860068,0.1904577313794139
-2.013444882204979,0.3551570333442816,2.8510103935491253,5.88477528393736,-18.442542696292374,2.26872504494945
4.894470286039133,1.8271602148757158,-0.9941505369148259,-1.8785775502534356,2.3135003011888524,-1.0022376108175062
-3.886750524796435,0.31079418257647323,0.9339645652995533,4.8634230029784735,-18.789005809867504,0.46685373974162625
-2.617138531435826,-3.614689560703399,-2.631226623266162,-3.8616169912587823,45.921306579627256,-2.3962077741483334
-0.9470611246936118,2.4277803935631534,0.17145157094178987,-2.90060453112657,117.06647976013873,2.6296844009820757
0.10986169913679251,-2.765824165100415,-6.851254498092716,-0.41013806357086635,-3.8877930999862547,-5.338608846147204
6.737019800673652,6.3231779036614,5.560616967813823,-0.49949401714832736,-24.97151135997833,7.053319881634749
-2.8855291969329175,1.6728121871069197,5.474913882358443,7.038813780139957,23.096460503522636,2.4196693292528444
13.141574184328267,5.038288344927794,1.1099606324673983,-2.1300370772093538,-38.938672747287946,4.271963540342946
4.156049995988344,3.7421255194149627,12.070191113850976,11.756333131245396,-22.90915336739362,5.754078193049978
1.5248367613651708,1.7627198048291164,3.0421844883335285,4.7711528355143225,-12.933736608636014,3.796673389414698
1.532645526762769,1.2729898875317773,1.5669833556028023,1.3515182758689377,62.21960872602392,0.8096701615683568
8.526900343608638,8.781060367938437,0.9970877000369532,1.4866795921658955,-15.326770366329686,6.277604989176116
-4.9543719851905585,0.3309365072234347,5.373676026382197,8.559968654709865,-19.554160750682755,1.0103335066808878
2.0844035235697955,-3.2155272843621936,-0.358380677018007,-4.954110996453368,12.00176134668824,-1.449680634316223
-0.11539787614305301,1.1169199408919575,1.814028375170706,2.0449584121301054,0.6733986689615418,1.1208440243507074
-2.156455522879529,-1.171616290906041,-1.704889773980707,-0.09561520008209173,-23.55915743998496,-1.673690151248441
2.5613717806778165,0.3935997501444851,0.2160708256078381,-2.096963908579478,13.41931298998803,1.1882447286129048
2.9706112953192534,2.946576539285288,1.4446490711462352,2.4735536154377553,20.296881690253223,1.533187565763727
-1.2854189237316955,0.9948553934256594,1.9328573129772972,3.000451001461407,-2.9054439542933106,1.329381507973308
-2.8557179836923687,-2.337880948440591,-2.3310497411001543,-1.2616354537411139,11.824584599420318,-2.026566996581039
6.046660517294053,3.404172943283563,-0.6821886077657556,-3.1127174698985147,-8.235946723736374,2.2133343169304607
-2.3627086755770734,-0.336013257870266,1.1669901678795591,6.438965193872197,-13.133660451367454,-1.1263253591237437
-0.05914092458195263,-1.7794356395717228,2.437274322689443,-2.4589783167287598,-33.23177509163301,1.0186419683101013
0.6933699336875866,0.20908485238332275,0.5321515413755995,-0.1531582444584213,58.108960913364626,0.09914796329678406
1.9267614271656495,2.0780355568931617,-0.1621043096244089,0.8575038797836853,32.00744777968016,1.187604938796164
2.157407084815035,5.352996733360091,1.695642436778581,1.9398165140143708,-9.888303509594056,3.8548935591536826
0.3388456719560993,-1.888077509027546,2.5112261017576287,2.059588299964401,-6.039599224800917,-0.5827104440656081
-1.6721974565555533,-1.1785678736600982,-0.8454884376439101,0.34067432371820705,2.0756844959907403,-0.9837046189121993
-2.7068758006812543,-1.46645268534494,-4.641298641820363,-1.6329524048144421,-13.804107528671922,-3.3814103711438754
1.7101311719660828,-1.1155612968360908,2.308598003820932,-2.8135308832465697,-47.64254341593251,1.6119672243862828
0.4460367565320968,0.19813639394168175,0.9782113827869304,1.7856512380017837,11.492715066685603,0.20738855239394718
-1.5302416652043396,-0.12217955698390504,-0.41824695073176654,0.4249344560857782,74.96429339383053,-0.4032760101760815
2.999576139718132,2.2087065178435195,-0.4157887807183265,-1.5987181404245165,78.53460927206815,1.0812438732202994
-2.5692429503192393,-0.2777184122562878,-0.15979795577274714,3.13289928354077,-33.96776755715767,-0.496470930690324
-1.3609783393435484,-1.8551065900748238,-0.773806404414158,-2.4072687535412607,10.138645115129087,-1.2644329163297712
6.629039432517947,4.398579164610126,0.13824605904210588,-1.7732038808100994,-0.567476157013443,3.239686248792986
1.448199930732802,2.3226470953792253,6.680809808388279,7.060485556150065,-46.41794024050657,3.624878042515912
-1.1899671863353083,-1.3651925780315293,0.4474065457272371,1.292355784951295,71.43452736297151,-0.6887818318122653
2.7778450316383285,2.670630266054764,-0.1153835517287555,-1.1808768020698592,-10.475524191733902,1.9717328278821868
-0.6228394630839726,-0.17316922873718332,1.6376922645587797,2.8302943824645252,14.840221450122268,0.3688353487013899
5.388036283311702,3.704463056208935,0.7557436889242218,-0.7857724926046843,8.389516023455117,2.675053063629678
2.4586441381078146,3.658253104458399,5.644648853446012,5.644648853446012,31.28536597712352,3.8531893332792375
-0.3619532536343457,-0.6156779866874481,-0.817291611760495,2.264615859536882,-29.788653780142184,-0.6449309793305584
-1.3697484422091935,1.0211971795090429,0.7855178471821276,-0.37529019019347454,-29.83708304448236,0.5951615589828675
0.9967329887475727,-0.6477160031225437,0.46558822024128643,-1.2593805240324722,28.868146174520636,0.26232686227959884
-1.577885528986127,-0.886123393736532,-3.0397847414958923,0.8398716445884633,20.272805518166965,-1.985035408848837
3.373878671527493,2.0410564450744952,2.2613399769623723,-1.4928907036630805,-21.98489445005362,2.4940563999757948
0.8208312095524412,0.2664727313894271,2.903989691482164,3.4246918813549994,-6.157182633008596,1.2241488165566752
-0.7504747202976462,0.6329211981154172,0.7145146504527429,0.8454403322629884,7.660546476427616,0.6432608182569743
-0.555565900176493,0.29472782594459834,-0.6825144656057959,-1.2851824195036432,11.677735799090426,-0.5135248622715873
-4.895871495532639,-2.674537737058471,-4.865467181249552,-0.09704270654886474,-46.263674552333825,-4.993422806245897
-0.48890097611791183,-4.4250941701193005,-0.6197481655045898,-4.930333153935743,33.454372801731445,-1.2390614576779675
-0.7149320175113785,0.6362734667818016,-0.876092698408785,-0.3773247911070594,24.87302041504482,-0.26204319429646344
-2.4906129682870226,-1.905155088393227,-2.397657506721901,-0.9383291156277911,-10.266101400775767,-2.138038116546472
-1.2581404849348412,-2.874450885597331,-2.1446414898104686,-2.3275061533242205,-4.923551976660638,-2.506722591952735
-3.0628489835325294,0.5846106563463387,-2.0808442234412428,-1.2794903861758353,19.185314746370448,0.4705453282197446
0.3782463444466042,-3.8878672886697245,-0.9912140340200313,-3.1265043701236928,-26.321542648715386,-3.1871678017988785
2.396045515187554,1.883773959183463,1.1009461974889672,0.48772128520782143,-18.97887027550075,1.2938540885316854
-1.0780290408153388,0.18224479788725578,1.477401424319239,2.216077770251768,20.172749847645516,0.5167012607169365
-2.01075519816604,-0.2958961771769004,-3.1983672360241924,-0.9465664374178447,12.175527343029545,-2.153423813405507
0.4947301479941193,-2.190092488702145,0.8548874827407439,-1.9366272514116347,29.62252672049024,-0.13263941443350008
-4.41243667106049,0.5611531048896465,-4.028056690441878,0.4615793898933981,7.716724274517098,-1.6464632862565474
0.9359487863704247,-4.1725069221691475,-1.8829763999018434,-4.484532403514493,-27.05611444445784,-3.028272127500871
-4.75018513515053,0.00749173170535133,-1.6741946920224713,0.7557056940728616,-13.202138729636657,-0.7232531532322858
2.6977073159925147,-1.4756631715024586,0.2115080565854203,-4.481607466198652,-27.821754122779048,0.43897988873796717
-0.19313731734818326,0.25613457887158786,2.7940591521666556,2.7803107536377865,66.98964343493505,0.5258892077401468
1.803779740799902,2.028375734594421,-1.1132253887567558,-0.2725078979882818,29.048918108877736,-0.3739906527171277
6.398577276361833,4.694035542274293,1.2487843905563583,1.7830907496744313,60.99802435895013,1.6967983466328453
-7.650007062941119,1.2059118456159783,-0.23200072027318225,6.319383995530091,-30.55279201894814,4.814156156929254
-1.8586445893481116,-7.4690223953829475,-1.7035184121841085,-7.699297337123961,7.285957095739301,-6.9754380462745775
0.9935865280188442,0.16844421613622348,-2.231242106835078,-1.892689529947426,-29.549518337564084,-0.9854085412897414
2.6044980864638334,0.6019792515922411,2.642975750299269,1.0352364244034955,-35.21825373300552,1.9836112317628485
-0.6456551853857198,-0.15275443088702081,1.5597057288427043,2.667766778599381,48.432489127861864,0.32003076684270887
8.482265841170687,7.38293743357503,-0.045346573022678804,-0.7337626198963179,23.19790912217316,4.589610434514736
3.3833493354029804,3.6164622070379293,8.080208947670473,8.514410590661456,-9.121330055037381,5.303802594953776
1.146131531759843,2.5845577239585684,3.6437339874210806,3.504269618861057,16.887796556880424,2.1531830920683297
-2.754002389451549,-0.8533881750875048,-1.045071417172756,0.9590554504678933,19.538518063266,-0.9482008711658878
-12.686375516858833,-2.3923887186135127,-12.626516379468603,-2.6571932427071627,-25.884169576804787,-9.733002285964576
3.6817976346593597,-9.02018000399827,-1.0227348127524245,-12.659830989945304,-33.06977798573139,-1.759342976536311
0.3440917258556301,0.49589281316807543,3.977400370887089,3.497466426587381,16.102698097961294,1.3182487729562438
-2.286915442447458,-0.8844972011446348,-1.4295029680577547,0.4763633515954339,60.563415710604914,-1.0107878684439193
-2.9037313921639556,-1.222125581212051,-9.581087617169597,-2.354215064706088,52.058834949566446,-6.945808520026524
2.717546263113962,0.0653094368369512,7.788212691997757,-2.6338918263930235,-16.626413526296695,5.774136611017579
-3.0547671570239316,-2.0953773778577487,-1.7351020007796247,2.7230517711727376,-25.231221058817056,-2.111110945651139
3.5150740918533976,2.7766981102392307,1.3094048892698247,-3.3931954125457264,-29.780578674720072,2.901158273707085
4.5182100759354515,1.7706865742644498,3.1282471384257833,3.9502018040835174,-30.15796706879732,0.6720551309372115
-0.2614576366128302,0.8158813066308321,4.136268908796072,4.283668366896045,27.507142158650193,3.3694441841093616
1.342690188702594,1.2290867711445013,-0.05717550073923452,-0.3398526054005833,33.200275363129045,0.841184077405714
8.255848973383682,7.764149134153748,1.4753814480141596,1.2877781948173548,-12.669856289737282,5.541061360446835
1.4789898922953397,0.9556449355738557,7.842095246204367,8.660361146751649,-13.522801417777394,3.1593146961238516
-4.430921112197478,0.40083169485605147,-2.046052756159685,1.37466217674829,14.785948793387407,-0.25948590964321283
-1.1840208291173548,-4.320580399849821,-1.9278754106030103,-4.5010664865108785,-19.70183617987833,-3.7593246146725536
0.3222455873470924,-0.13125933186282873,0.5526496281918053,-0.8438286013879813,-15.596788271271828,0.24259073708122222
0.45779832437164236,0.5841058789139607,-0.23785153088720754,-0.2584614005972418,65.27661869407152,-0.01979115344787064
2.679776853532154,2.171217719557758,0.6592680621588974,0.5965425284602892,31.692883628582326,1.9862505918773543
1.9901390179027276,3.9921570223323615,2.8240823137646665,2.705966813311499,-24.45096789805719,2.6580812383861705
-0.8089615207136404,-1.9718203591263632,-0.22027490443567976,1.7450824526497253,3.782602510771601,-0.9107667783504069
-0.4084951295886303,1.4662235225379054,-1.0377406481486804,-0.45506731443686677,8.757265482914942,-0.1678914438645578
-3.28827639770374,-2.075167700608852,-2.4334734368341286,-0.4001475256406291,-24.907223435039352,-1.7183979381449863
-2.2877060048444084,-4.441046292352265,-1.021770524205703,-3.4572170209542694,-14.85116584155454,-3.493887403611768
0.31489559135783296,-1.453980813690146,-0.49978158427120817,-2.4252542888812565,65.09706553729555,-0.1918149624396664
-10.284664092548166,-0.5171002538632157,-9.734979476546487,0.7096377583403676,-29.024798529619716,-6.900023152549704
-1.090931202044827,-10.92994660981064,-1.9589034654437547,-11.105366069087486,-12.584159002744697,-4.797001771922378
4.944066747790789,4.605510981604457,1.0601576946844125,-0.5182014692752277,11.20305716345937,3.3699506858634614
-0.6047131151950422,1.032555419307738,3.809090740508756,5.228776062396628,4.032915837440843,1.3485587816916242
-1.4348642785543462,-1.3797488181417397,-3.703142028109275,-0.7480581530339364,-0.9173547770933389,-2.6046140365972654
0.6559439210694024,-0.9865829106955046,1.962609490183164,-1.3897565741115874,-37.36535898147431,1.0409741959146053
-1.100575101412288,0.7580535945035509,-0.1150380687222462,0.5126469202281252,24.618394977069247,-0.35634451159761704
-1.7989647150682937,-1.6798474834215311,-3.211956012855382,-0.9102651466162838,33.154910929603915,-2.039024553429562
-0.7454091124967811,-1.9195979777470709,-1.794228474461217,-1.5426355114050165,24.997312196098214,-1.876948261166912
0.4407725740442954,4.542739678302982,2.21456235740087,-1.1459455128930993,-12.116060672292795,3.12456398967322
-0.8434545528841816,-3.7466719355717006,-1.6174410358857563,0.470697568018821,44.02847013321325,-2.6372886090640297
-1.0697560896907892,-0.6131002693516024,-7.3016820673781915,-0.6568934215677075,-17.810914954194693,-3.8750383463280635
-3.313343686237063,-2.1320936724922785,4.774490577671027,-1.2934570967369847,8.669876523455633,0.9385260753252529
4.017935031707203,0.7645920275877396,-1.1304163407362333,-3.3540426273580346,29.67718689778663,0.24554668618539444
11.712687754407195,11.883441008317867,4.16342404507044,3.9545806265159493,-17.98307950126182,8.913177086925868
2.3945611347802696,5.83087047537107,13.720377507184518,11.73955410782605,-42.921480100970065,9.127889568969918
1.6223358964106787,-2.236185070348588,1.413094891527149,2.4648572532353312,7.2674639796299445,-0.7043914894169869
-0.3398312473806127,0.2588235737874007,0.30447106994979845,1.6211465517655776,0.9025843211351697,0.04094634411749677
1.9955907918271307,1.2626178151880982,0.613083808805083,-0.3615562426833907,30.038863912347978,1.4433651077417524
0.06436461974220017,0.7000856911191959,2.469012975512361,2.146183136307255,-19.12509220968431,1.2903226683682414
-0.09016966458539882,0.704842038634156,0.07655141302710654,0.09426008289909572,10.587443758273366,0.08187459978383604
-1.1870499668273937,-0.7781617094633468,-1.9562069144457632,-0.1774956653761249,0.3235613536334727,-0.8944741322766837
3.1466187781755437,2.079629109658219,1.2586146943084473,-1.1339928487521642,-18.546948525120783,1.5876860909785577
-2.6840454034287022,-0.2752636495757838,0.3207686807385123,3.0993106223039337,6.929717200950042,-0.5625426731305662
-2.0490937343259334,-2.5315665422693696,-2.790803986864758,-2.7920934991680095,36.96320157487234,-2.2863032192246604
0.014823046392529802,-1.93339998361991,-3.6401135340051836,-2.081062508980237,27.920182180830626,-1.391542882347359
-0.37212828124290187,1.1129881966213233,4.004194955005628,0.22658799069009353,-26.254091253825397,0.6959943368495222
-0.34303475910773085,-0.9113949487956774,-1.7711836475618008,-0.3055592258341994,21.69408009999156,-0.46156133325673854
3.8365746448502938,1.98237609715064,0.9272801682823575,-0.5748238410046198,2.982506409918658,0.7092350488460722
0.6179094217167113,1.3823912875190891,3.8446920414473804,3.8690111335264286,26.134991085391,2.5970762999388817
5.637821587849201,7.448986861081067,-0.22554588208244583,0.9523960032876824,-1.91006343836919,6.5055476809791815
1.224681628809982,1.0703912262528632,7.541145231029697,5.409479132755712,-31.582596307657706,1.141507514647479
1.9388639935022502,0.04288314463287944,-0.004399763625805226,1.176621335214345,55.33750082025832,0.8303329817400177
0.8686875697718908,0.7466178269357893,2.1874389238862646,1.9155599951801203,-35.74326678532603,0.8923869671740834
-3.194974845360777,-0.060163880968194035,-1.0803433989396767,0.48795070102438803,33.37691457572878,-0.2737451013325327
